n_qubit,RoM,time
14,951295.9897585679,51.687044700000115
